0000, A. Select your station
940GZZLUCHX,Charing Cross Underground Station
940GZZLUEAC,Elephant & Castle Underground Station
940GZZLUEMB,Embankment Underground Station
940GZZLUERB,Edgware Road (Bakerloo) Underground Station
940GZZLUHAW,Harrow & Wealdstone Underground Station
940GZZLUHSN,Harlesden Underground Station
940GZZLUKEN,Kenton Underground Station
940GZZLUKPK,Kilburn Park Underground Station
940GZZLUKSL,Kensal Green Underground Station
940GZZLULBN,Lambeth North Underground Station
940GZZLUMVL,Maida Vale Underground Station
940GZZLUMYB,Marylebone Underground Station
940GZZLUNWY,North Wembley Underground Station
940GZZLUOXC,Oxford Circus Underground Station
940GZZLUPAC,Paddington Underground Station
940GZZLUPCC,Piccadilly Circus Underground Station
940GZZLUQPS,Queen's Park Underground Station
940GZZLURGP,Regent's Park Underground Station
940GZZLUSGP,Stonebridge Park Underground Station
940GZZLUSKT,South Kenton Underground Station
940GZZLUWJN,Willesden Junction Underground Station
940GZZLUWKA,Warwick Avenue Underground Station
940GZZLUWLO,Waterloo Underground Station
940GZZLUWYC,Wembley Central Underground Station
940GZZLUBKE,Barkingside Underground Station
940GZZLUBKH,Buckhurst Hill Underground Station
940GZZLUBLG,Bethnal Green Underground Station
940GZZLUBND,Bond Street Underground Station
940GZZLUBNK,Bank Underground Station
940GZZLUCHL,Chancery Lane Underground Station
940GZZLUCWL,Chigwell Underground Station
940GZZLUDBN,Debden Underground Station
940GZZLUEAN,East Acton Underground Station
940GZZLUEBY,Ealing Broadway Underground Station
940GZZLUEPG,Epping Underground Station
940GZZLUFLP,Fairlop Underground Station
940GZZLUGFD,Greenford Underground Station
940GZZLUGGH,Grange Hill Underground Station
940GZZLUGTH,Gants Hill Underground Station
940GZZLUHBN,Holborn Underground Station
940GZZLUHGR,Hanger Lane Underground Station
940GZZLUHLT,Hainault Underground Station
940GZZLUHPK,Holland Park Underground Station
940GZZLULGN,Loughton Underground Station
940GZZLULGT,Lancaster Gate Underground Station
940GZZLULVT,Liverpool Street Underground Station
940GZZLULYN,Leyton Underground Station
940GZZLULYS,Leytonstone Underground Station
940GZZLUMBA,Marble Arch Underground Station
940GZZLUMED,Mile End Underground Station
940GZZLUNAN,North Acton Underground Station
940GZZLUNBP,Newbury Park Underground Station
940GZZLUNHG,Notting Hill Gate Underground Station
940GZZLUNHT,Northolt Underground Station
940GZZLUPVL,Perivale Underground Station
940GZZLUQWY,Queensway Underground Station
940GZZLURBG,Redbridge Underground Station
940GZZLURSG,Ruislip Gardens Underground Station
940GZZLURVY,Roding Valley Underground Station
940GZZLUSBC,Shepherd's Bush (Central) Underground Station
940GZZLUSNB,Snaresbrook Underground Station
940GZZLUSPU,St. Paul's Underground Station
940GZZLUSRP,South Ruislip Underground Station
940GZZLUSTD,Stratford Underground Station
940GZZLUSWF,South Woodford Underground Station
940GZZLUTCR,Tottenham Court Road Underground Station
940GZZLUTHB,Theydon Bois Underground Station
940GZZLUWCY,White City Underground Station
940GZZLUWOF,Woodford Underground Station
940GZZLUWRP,West Ruislip Underground Station
940GZZLUWSD,Wanstead Underground Station
940GZZLUWTA,West Acton Underground Station
940GZZLUBBN,Barbican Underground Station
940GZZLUBKF,Blackfriars Underground Station
940GZZLUBWT,Bayswater Underground Station
940GZZLUCST,Cannon Street Underground Station
940GZZLUERC,Edgware Road (Circle Line) Underground Station
940GZZLUESQ,Euston Square Underground Station
940GZZLUFCN,Farringdon Underground Station
940GZZLUGHK,Goldhawk Road Underground Station
940GZZLUGPS,Great Portland Street Underground Station
940GZZLUGTR,Gloucester Road Underground Station
940GZZLUHSC,Hammersmith (H&C Line) Underground Station
940GZZLUHSK,High Street Kensington Underground Station
940GZZLUKSX,King's Cross St. Pancras Underground Station
940GZZLULAD,Ladbroke Grove Underground Station
940GZZLULRD,Latimer Road Underground Station
940GZZLUMGT,Moorgate Underground Station
940GZZLUMMT,Monument Underground Station
940GZZLUMSH,Mansion House Underground Station
940GZZLUPAH,Paddington (H&C Line)-Underground
940GZZLURYO,Royal Oak Underground Station
940GZZLUSBM,Shepherd's Bush Market Underground Station
940GZZLUSJP,St. James's Park Underground Station
940GZZLUSKS,South Kensington Underground Station
940GZZLUSSQ,Sloane Square Underground Station
940GZZLUTMP,Temple Underground Station
940GZZLUTWH,Tower Hill Underground Station
940GZZLUVIC,Victoria Underground Station
940GZZLUWLA,Wood Lane Underground Station
940GZZLUWSM,Westminster Underground Station
940GZZLUWSP,Westbourne Park Underground Station
940GZZLUACT,Acton Town Underground Station
940GZZLUADE,Aldgate East Underground Station
940GZZLUBBB,Bromley-by-Bow Underground Station
940GZZLUBEC,Becontree Underground Station
940GZZLUBKG,Barking Underground Station
940GZZLUBSC,Barons Court Underground Station
940GZZLUBWR,Bow Road Underground Station
940GZZLUCWP,Chiswick Park Underground Station
940GZZLUDGE,Dagenham East Underground Station
940GZZLUDGY,Dagenham Heathway Underground Station
940GZZLUECM,Ealing Common Underground Station
940GZZLUECT,Earl's Court Underground Station
940GZZLUEHM,East Ham Underground Station
940GZZLUEPK,Elm Park Underground Station
940GZZLUEPY,East Putney Underground Station
940GZZLUFBY,Fulham Broadway Underground Station
940GZZLUGBY,Gunnersbury Underground Station
940GZZLUHCH,Hornchurch Underground Station
940GZZLUHSD,Hammersmith (Dist&Picc Line) Underground Station
940GZZLUKOY,Kensington (Olympia) Underground Station
940GZZLUKWG,Kew Gardens Underground Station
940GZZLUPLW,Plaistow Underground Station
940GZZLUPSG,Parsons Green Underground Station
940GZZLUPYB,Putney Bridge Underground Station
940GZZLURMD,Richmond Underground Station
940GZZLURVP,Ravenscourt Park Underground Station
940GZZLUSFB,Stamford Brook Underground Station
940GZZLUSFS,Southfields Underground Station
940GZZLUSGN,Stepney Green Underground Station
940GZZLUTNG,Turnham Green Underground Station
940GZZLUUPB,Upminster Bridge Underground Station
940GZZLUUPK,Upton Park Underground Station
940GZZLUUPM,Upminster Underground Station
940GZZLUUPY,Upney Underground Station
940GZZLUWBN,West Brompton Underground Station
940GZZLUWHM,West Ham Underground Station
940GZZLUWIM,Wimbledon Underground Station
940GZZLUWIP,Wimbledon Park Underground Station
940GZZLUWKN,West Kensington Underground Station
940GZZLUWPL,Whitechapel Underground Station
940GZZLUBMY,Bermondsey Underground Station
940GZZLUCGT,Canning Town Underground Station
940GZZLUCPK,Canons Park Underground Station
940GZZLUCWR,Canada Water Underground Station
940GZZLUCYF,Canary Wharf Underground Station
940GZZLUDOH,Dollis Hill Underground Station
940GZZLUFYR,Finchley Road Underground Station
940GZZLUGPK,Green Park Underground Station
940GZZLUKBN,Kilburn Underground Station
940GZZLUKBY,Kingsbury Underground Station
940GZZLULNB,London Bridge Underground Station
940GZZLUNDN,Neasden Underground Station
940GZZLUNGW,North Greenwich Underground Station
940GZZLUQBY,Queensbury Underground Station
940GZZLUSJW,St. John's Wood Underground Station
940GZZLUSTM,Stanmore Underground Station
940GZZLUSWC,Swiss Cottage Underground Station
940GZZLUSWK,Southwark Underground Station
940GZZLUWHP,West Hampstead Underground Station
940GZZLUWIG,Willesden Green Underground Station
940GZZLUWYP,Wembley Park Underground Station
940GZZLUAMS,Amersham Underground Station
940GZZLUCAL,Chalfont & Latimer Underground Station
940GZZLUCSM,Chesham Underground Station
940GZZLUCXY,Croxley Underground Station
940GZZLUCYD,Chorleywood Underground Station
940GZZLUEAE,Eastcote Underground Station
940GZZLUHGD,Hillingdon Underground Station
940GZZLUHOH,Harrow-on-the-Hill Underground Station
940GZZLUICK,Ickenham Underground Station
940GZZLUMPK,Moor Park Underground Station
940GZZLUNHA,North Harrow Underground Station
940GZZLUNKP,Northwick Park Underground Station
940GZZLUNOW,Northwood Underground Station
940GZZLUNWH,Northwood Hills Underground Station
940GZZLUPNR,Pinner Underground Station
940GZZLUPRD,Preston Road Underground Station
940GZZLURKW,Rickmansworth Underground Station
940GZZLURSM,Ruislip Manor Underground Station
940GZZLURSP,Ruislip Underground Station
940GZZLURYL,Rayners Lane Underground Station
940GZZLUUXB,Uxbridge Underground Station
940GZZLUWAF,Watford Underground Station
940GZZLUWHW,West Harrow Underground Station
940GZZBPSUST,Battersea Power Station Underground Station
940GZZLUACY,Archway Underground Station
940GZZLUAGL,Angel Underground Station
940GZZLUBLM,Balham Underground Station
940GZZLUBOR,Borough Underground Station
940GZZLUBTK,Burnt Oak Underground Station
940GZZLUBTX,Brent Cross Underground Station
940GZZLUBZP,Belsize Park Underground Station
940GZZLUCFM,Chalk Farm Underground Station
940GZZLUCND,Colindale Underground Station
940GZZLUCPC,Clapham Common Underground Station
940GZZLUCPN,Clapham North Underground Station
940GZZLUCPS,Clapham South Underground Station
940GZZLUCSD,Colliers Wood Underground Station
940GZZLUCTN,Camden Town Underground Station
940GZZLUEFY,East Finchley Underground Station
940GZZLUEGW,Edgware Underground Station
940GZZLUEUS,Euston Underground Station
940GZZLUFYC,Finchley Central Underground Station
940GZZLUGDG,Goodge Street Underground Station
940GZZLUGGN,Golders Green Underground Station
940GZZLUHBT,High Barnet Underground Station
940GZZLUHCL,Hendon Central Underground Station
940GZZLUHGT,Highgate Underground Station
940GZZLUHTD,Hampstead Underground Station
940GZZLUKNG,Kennington Underground Station
940GZZLUKSH,Kentish Town Underground Station
940GZZLULSQ,Leicester Square Underground Station
940GZZLUMDN,Morden Underground Station
940GZZLUMHL,Mill Hill East Underground Station
940GZZLUMTC,Mornington Crescent Underground Station
940GZZLUODS,Old Street Underground Station
940GZZLUOVL,Oval Underground Station
940GZZLUSKW,Stockwell Underground Station
940GZZLUSWN,South Wimbledon Underground Station
940GZZLUTAW,Totteridge & Whetstone Underground Station
940GZZLUTBC,Tooting Bec Underground Station
940GZZLUTBY,Tooting Broadway Underground Station
940GZZLUTFP,Tufnell Park Underground Station
940GZZLUWFN,West Finchley Underground Station
940GZZLUWOP,Woodside Park Underground Station
940GZZLUWRR,Warren Street Underground Station
940GZZNEUGST,Nine Elms Underground Station
940GZZLUALP,Alperton Underground Station
940GZZLUASG,Arnos Grove Underground Station
940GZZLUASL,Arsenal Underground Station
940GZZLUBDS,Bounds Green Underground Station
940GZZLUBOS,Boston Manor Underground Station
940GZZLUCAR,Caledonian Road Underground Station
940GZZLUCGN,Covent Garden Underground Station
940GZZLUCKS,Cockfosters Underground Station
940GZZLUFPK,Finsbury Park Underground Station
940GZZLUHNX,Hatton Cross Underground Station
940GZZLUHPC,Hyde Park Corner Underground Station
940GZZLUHR4,Heathrow Terminal 4 Underground Station
940GZZLUHR5,Heathrow Terminal 5 Underground Station
940GZZLUHRC,Heathrow Terminals 2 & 3 Underground Station
940GZZLUHWC,Hounslow Central Underground Station
940GZZLUHWE,Hounslow East Underground Station
940GZZLUHWT,Hounslow West Underground Station
940GZZLUHWY,Holloway Road Underground Station
940GZZLUKNB,Knightsbridge Underground Station
940GZZLUMRH,Manor House Underground Station
940GZZLUNEN,North Ealing Underground Station
940GZZLUNFD,Northfields Underground Station
940GZZLUOAK,Oakwood Underground Station
940GZZLUOSY,Osterley Underground Station
940GZZLUPKR,Park Royal Underground Station
940GZZLURSQ,Russell Square Underground Station
940GZZLUSEA,South Ealing Underground Station
940GZZLUSGT,Southgate Underground Station
940GZZLUSHH,South Harrow Underground Station
940GZZLUSUH,Sudbury Hill Underground Station
940GZZLUSUT,Sudbury Town Underground Station
940GZZLUTPN,Turnpike Lane Underground Station
940GZZLUWOG,Wood Green Underground Station
940GZZLUBLR,Blackhorse Road Underground Station
940GZZLUBXN,Brixton Underground Station
940GZZLUHAI,Highbury & Islington Underground Station
940GZZLUPCO,Pimlico Underground Station
940GZZLUSVS,Seven Sisters Underground Station
940GZZLUTMH,Tottenham Hale Underground Station
940GZZLUVXL,Vauxhall Underground Station
940GZZLUWWL,Walthamstow Central Underground Station
490006428B, Edgware Road Station
490000144E, Marble Arch / Edgware Road
490001296A, Tooting Station
490007614N, Hillmarton Road
490001231F, Putney Station
490009909N, Mill Lane
490014050A, Victoria Bus Station stop 71818
490014050B, Victoria Bus Station stop 47885
490014050C, Victoria Bus Station stop 76389
490014050D, Victoria Bus Station stop 77337
490005234N, Christchurch Road
40004402021A, Birch Green
490005186S1, Shirland Road
490005188W, Chippenham Road stop 71607
490013297E, Chippenham Road stop 50883
490001070N, Clapton Station stop 56805
90001070S, Clapton Station stop 57766
490007861C, Harrow Road
490006428D, Edgware Road Station
490013046N, Sussex Gardens
490005340H, Clapton Pond
490014504S, Westmoreland Terrace
490015282S, Canal Walk
490003601N2, Baring Street
490010357F, North End Road
490005973F, Tufnell Park Station
490000110A, High Street Kensington Station bus stop 52562
490000110E, High Street Kensington Station bus stop 72233
490008288H, Kensington Church Street / Holland St
490010536K, York House Place / Kensington High St
490008461ER, Old Kent Road / Ilderton Road
490010728E, Palace Gate
490003138E, Albany Road / Camberwell Road bus stop 75532
490003138W, Albany Road / Camberwell Road bus stop 56525
490000133B, Lancaster Gate Station
490000119T, Hyde Park Corner Station
490013647N, Thrale Road bus stop 76354
490013647S, Thrale Road bus stop 52986
490000093PB,Green Park Station <> bus stop 52053
490012357W2,Vestry Road bus stop 67770
490000119M,Hyde Park Corner Station <> bus stop 9574
490000119P,Hyde Park Corner Station <> bus stop 9653
490009117T,Catford Road / Lewisham Town Hall bus stop 5572
490012082A,West Hampstead Stn<> / Broadhurst Gdns bus stop 7115
490012082B,Compayne Gardens bus stop 7632
490006691W,Exhibition Road bus stop 4572
490014433N,West End Lane bus stop 5588
490003282S,Alvanley Gardens bus stop 8185
490010728W,Palace Gate bus stop 6541
490011761N,Kensington Palace bus stop 4431
490012524H,Stamford Hill Broadway bus stop 7697
490012524G,Stamford Hill Broadway bus stop 8361
490012524C,Amhurst Park / Stamford Lodge bus stop 6687
490005528X,The Design Museum bus stop 5228
490014495V,Great Smith Street / Westminster Abbey bus stop 7982
490001128L,Amhurst Road / Hackney Downs Station # bus stop 4507
490000048CV,Turnham Green Church bus stop 7958
490013848DD,Turnham Green Church bus stop 7706
490012961N,Lyncroft Gardens bus stop 9412
490012961S,Lyncroft Gardens bus stop 4342
490005332T,Clapham Junction Stn # / The Falcon bus stop 412
490013767D,Trafalgar Square / Charing Cross Stn <># bus stop 7677
490013766K,Trafalgar Square / Charing Cross Stn <># bus stop 7694
490013766G,Trafalgar Square / Charing Cross Stn <># bus stop 1121
490000179F,Piccadilly Circus bus stop 76476
490014585N,Whitehall / Trafalgar Square bus stop 3235
490011516Y,Regent Street / St James's bus stop 6425
490007960P,Haymarket / Charles II Street bus stop 1262
490014241E,Warren Road bus stop 4174
490015185H,Piccadilly Circus bus stop 5936
490000235YB,Tottenham Court Road Station <> bus stop 5563
490000235C,Tottenham Court Road Station<> bus stop 9142
490011985BX,Selfridges bus stop 4034
490007273L,Goldhawk Road / Young's Corner bus stop 2091
490007272H,Goldhawk Road bus stop 2258
490011985BC,Selfridges bus stop 908
490000144K,Marble Arch Station <> bus stop 3952
490000144O,Marble Arch Station <> bus stop 7794
490000144P,Marble Arch Station <> bus stop 8148
490012553B,St Pancras Intern'l & King's X Stns<># bus stop 3553
490000129R,King's Cross Station <> # bus stop 6007
490011516Y,King's Cross Road bus stop 3485
490015195M,City Road / Leonard Street bus stop 4231
490010109E,Old Street Roundabout bus stop 3921
490000144A,Marble Arch / Bayswater Road bus stop 8150
490009035L,Lea Bridge Roundabout bus stop 2587
490004459B,Lea Bridge Roundabout bus stop 8729
490005337S,Lea Bridge Road / Upper Clapton Road bus stop 2888
490011686E,Rosebery Avenue bus stop 7412
490007391E,Gray's Inn Road bus stop 7929
490011684N,Rosebery Road bus stop 9932
490012640M,Fleet Street / City Thameslink # bus stop 3092
490000130K1,Knightsbridge Station <> bus stop 5034
490000130KD,Knightsbridge Station <> bus stop 3576
490000130KC,Knightsbridge Station <> / Harrods bus stop 2002
490013344P,Putney Pier >r< bus stop 7563
490013344Q,Putney Pier >r< bus stop 5040
490008808SF,Kings Reach Building bus stop 2776
490008808SE,Kings Reach Building bus stop 3354
490000031T,Brixton Station <> # bus stop 8875
490000031Q,Brixton Station <> # bus stop 4414
490000031E,Brixton Station <> # bus stop 8989
490007523D,Brixton Road / Brixton Police Station bus stop 8468
490007523F,Brixton Road / Brixton Police Station bus stop 8181
490004361H,Gresham Road / Brixton Police Station bus stop 1881
490008919V,Lambeth Town Hall bus stop 5256
490013443N,The Latchmere bus stop 9390
490014229J,Warner Road bus stop 4340
490004687P,Denmark Hill / Camberwell Green bus stop 0100
490013750E,Towfield Road bus stop 407
490015513K,Tooting Broadway <> / Sth Thames College bus stop 2091
490009501C,Uxbridge Rd / Westfield Shopping Centre bus stop 8676
490011842B,Peckham Library bus stop 8649
490003864N,Belmont Hill bus stop 4492
490007276X,Marquis of Granby / Goldsmiths bus stop 6111
490013229M,St John Street / Goswell Road bus stop 6662
490001127J,Hackney Central Station # bus stop 5888
490007626A,Hackney Town Hall bus stop 8141
490007626B,Hackney Town Hall bus stop 2375
490009644E,Graham Road / Hackney Central # bus stop 4101
490008296C,Holloway / Nags Head bus stop 3855
490008296L,Holloway / Nags Head bus stop 6476
490008296H,Seven Sisters Road / Nags Head bus stop 5297
490005945L,Kingsland High Street bus stop 8081
490005945M,Dalston Junction Station # bus stop 9962
490005945G,Dalston Junction Station # bus stop 9595
490000036S,Camden Town Station <> bus stop 0036
490015041X,Camden Town Station <> bus stop 8888
490001045G,Camden Road Station # bus stop 1313
490001045F,Camden Road Station # bus stop 6869
490003444E,Great Western Road / Elgin Avenue bus stop 4468
490007861K,Great Western Road / Harrow Road bus stop 713
490000216C,South Wimbledon Station <> bus stop 75345
490015174B,Morden Road / South Wimbledon Station <> bus stop 47186
490004215M,Bow Church bus stop 55457
490011617N,Rochester Row bus stop 57706
490000072G,Edgware Road Station <> bus stop 71584
490015108S,Angel Station <> bus stop 50320
490000007R,Pentonville Road / Baron Street bus stop 59093
490003327H,Angel Islington / City Road bus stop 59293
490008916S,Lambeth Bridge bus stop 76112
490007550X,Vauxhall Bridge / Millbank bus stop 52510
490005537RA,Beak Street / Hamleys Toy Store bus stop 50997
490001231D,Putney Station # bus stop 57254
490000241M,Turnpike Lane Station <> bus stop 76392
490015078L,Finsbury Park / Blackstock Road bus stop 52174
490015078M,Finsbury Park / Blackstock Road bus stop 49348
490006847N,City & Islington College bus stop 57814
490014773KP,Windmill Row bus stop 71769
490008643KE,Kennington Lane bus stop 57752
490014014W1,Vassall Road bus stop 74915
490013907S,Union Road bus stop 71893
490013907N,Union Road bus stop 47865
490014311E,Wat Tyler Road bus stop 55640
490010880EN,Peckham Park Road bus stop 51530
490010880SF,Peckham Park Road / Old Kent Road bus stop 49484
490003687N1,Battersea High Street bus stop 56713
490009155S,Lillie Road bus stop 49018
490007530N,Greyhound Road bus stop 71384
490007530S,Greyhound Road bus stop 74612
490000142J,Portland Rise Estate bus stop 76305
490001020N,Belmont Station # / Brighton Road bus stop 55038
490000184Z,Putney Bridge Station <> bus stop 53259
490003577E,Kilburn Lane bus stop 74940
490013704N,Tomswood Hill bus stop 56437
490001088B,Penwith Road bus stop 53099
490001088A,Penwith Road bus stop 76794
490007523C,Brixton Academy bus stop 48876
490001069D,Clapham Junction Station # bus stop 73914
490005332P,Clapham Junction Stn # / The Falcon bus stop 49399
490013704S,Tomswood Hill bus stop 52825
490001296N,Mitcham Road / Tooting Station # bus stop 77113
490001296S,Tooting Station # bus stop 75550
490001149N,Herne Hill Station # bus stop 55607
490001149L,Herne Hill Station # bus stop 52643
490003577W,Wakeman Road bus stop 50465
490003583S,Banister Road bus stop 76880
490011289JB,Putney Arts Theatre bus stop 74648
490010878C,Peckham Library bus stop 47599
490010878D,Peckham Library bus stop 74875
490009531W,Malt Street bus stop 55875
490009531E,Malt Street bus stop 71447
490010622BA,Orchard Street / Selfridges bus stop 57258
490011133M,Portman Street / Selfridges bus stop 53720
490014013N,Vassall Road bus stop 72275
490014013S,Vassall Road bus stop 52437
490000112P,Holborn Station <> bus stop 77665
490011360N,Cedars Road bus stop 72146
490011360W,Cedars Road bus stop 56380
490009291A,Zsl London Zoo bus stop 49306
490009291B,Albert Terrace / London Zoo bus stop 56225
490009076F,Leigham Court Road bus stop 76563
490003758N,Becmead Avenue bus stop 58192
490012761U,St Leonard's Church bus stop 49314
490000233A,Tooting Bec Station <> bus stop 55900
490000233E,Tooting Bec Station <> bus stop 73228
490012924S,Streatham Common / Greyhound Lane bus stop 54460
490013655R,Robson Road / Norwood Road bus stop 74411
490013477Y,Southampton Row / Theobald's Road bus stop 77624
490013655Q,Robson Road / Norwood Road bus stop 54888
490013656C,Thurlow Park Road bus stop 57940
490010053S,Morval Road bus stop 48483
490006879F,Florence Road bus stop 73113
490006051E,Deptford High Street bus stop 77025
490007024R,Friendly Street bus stop 54705
490014020S,Vauxhall Cross bus stop 77232
490014020P,Vauxhall Cross bus stop 73059
490000223R,Stockwell Gardens bus stop 48123
490008642H,St Mark's Church bus stop 50338
490000172D,Oval Station <> bus stop 56946
490000132B,Lambeth North Station <> bus stop 76913
490000008U,Archway Station <> bus stop 58764
490003363M,Archway Road / St John's Way bus stop 47402
490003363N,Archway Road bus stop 72703
490008644E,Kennington Park bus stop 59189
490008644F,Kennington Park bus stop 76696
490012832X,Stockwell Gardens bus stop 50936
490006475A,Elgin Avenue / Maida Vale Station <> bus stop 58596
490000023J,Blackfriars Station<># / North Entrance bus stop 72986
490011090S,Loughborough Junction Station # bus stop 48133
490001184A,Loughborough Junction Station # bus stop 71012
490012248E,Peckham Road / Southampton Way bus stop 58724
490012248W,Peckham Road / Southampton Way bus stop 74240
490000252V,Warren Street Stn<> / Tottenham Court Rd bus stop 50171
490000051B,Clapham North & High Street Stns <> # bus stop 73780
490000051F,Clapham North & High Street Stns # <> bus stop 49051
490014362E,Wellington Road South bus stop 73093
